"market","area_focus","listing_id","title","address_or_area","url","status","verification_status","area_m2","rooms","owner_rent_pln","rent_per_m2_pln","admin_fee_pln","other_monthly_fees_pln","monthly_total_cost_pln","utilities","heating_type","property_condition","ownership_type","floor","floors_in_building","universities_distances","published_date","first_seen","last_seen","price_change_pln","disappeared_date","days_observed","notes","distance_to_campus","primary_url","alternative_urls","search_query","search_url","link_status","link_portal"
"Zabrze","Centrum","otodom_ID4zGj8","Mieszkanie z balkonem przy Placu Wolności","ul. Powstańców Śląskich / Plac Wolności, Centrum","https://www.otodom.pl/pl/oferta/mieszkanie-z-balkonem-przy-placu-wolnosci-ID4zGj8","active","direct_verified","59.17","2","1500","25.35","1000","unknown","2500","czynsz wspólnoty ok. 1000 zł zawiera CO, wodę, śmieci i zarząd; pozostałe media dodatkowo","centralne; zaliczka CO w czynszu wspólnoty","gotowe / nieumeblowane","unknown","4","4","centrum; odległość do uczelni do weryfikacji","2026-08-28","2026-08-31","2026-09-03","0","","4","Porównywalna oferta centrum; link może blokować automatyczny odczyt, ale jest stałym identyfikatorem oferty.","centrum; odległość do uczelni do weryfikacji","https://www.otodom.pl/pl/oferta/mieszkanie-z-balkonem-przy-placu-wolnosci-ID4zGj8","","Mieszkanie z balkonem przy Placu Wolności ul. Powstańców Śląskich / Plac Wolności, Centrum 59.17 1500","","unverified","Otodom"
"Zabrze","Centrum","otodom_ID4BeiI","Komfortowe 2 pokojowe mieszkanie z balkonem | Centrum","Centrum","https://www.otodom.pl/pl/oferta/komfortowe-2-pokojowe-mieszkanie-z-balkonem-centrum-ID4BeiI","active","search_verified_active","47","2","1400","29.79","unknown","unknown","1400.00","brak pełnych danych","unknown","unknown","unknown","unknown","unknown","centrum; odległość do uczelni do weryfikacji","2026-08-24","2026-08-31","2026-09-03","0","","4","Oferta porównawcza 2 pokoje.","centrum; odległość do uczelni do weryfikacji","https://www.otodom.pl/pl/oferta/komfortowe-2-pokojowe-mieszkanie-z-balkonem-centrum-ID4BeiI","","Komfortowe 2 pokojowe mieszkanie z balkonem | Centrum Centrum 47 1400","","unverified","Otodom"
"Zabrze","Centrum","otodom_ID4AL4i","70m2 mieszkanie z niskim czynszem blisko centrum!","blisko Centrum","https://www.otodom.pl/pl/oferta/70m2-mieszkanie-z-niskim-czynszem-blisko-centrum-ID4AL4i","active","legacy_unverified","70","unknown","1890","27.00","unknown","unknown","1890.00","brak pełnych danych","unknown","unknown","unknown","unknown","unknown","do weryfikacji","2026-08-11","2026-08-31","2026-09-02","0","","3","Górny zakres metrażu.","do weryfikacji","https://www.otodom.pl/pl/oferta/70m2-mieszkanie-z-niskim-czynszem-blisko-centrum-ID4AL4i","","70m2 mieszkanie z niskim czynszem blisko centrum! blisko Centrum 70 1890","","unverified","Otodom"
"Zabrze","Centrum","otodom_ID4yCZo","Mieszkanie 3, 4 pokojowe Zabrze Centrum Zus Co","Centrum","https://www.otodom.pl/pl/oferta/mieszkanie-3-4-pokojowe-zabrze-centrum-zus-co-ID4yCZo","active","legacy_unverified","62","4","1690","27.26","unknown","unknown","1690.00","brak pełnych danych","centralne z pieca gazowego dwufunkcyjnego","gotowe","unknown","3","4","do weryfikacji","2026-07-31","2026-08-31","2026-09-02","0","","3","Dłużej obecna oferta; ważna dla oceny czasu ekspozycji.","do weryfikacji","https://www.otodom.pl/pl/oferta/mieszkanie-3-4-pokojowe-zabrze-centrum-zus-co-ID4yCZo","","Mieszkanie 3, 4 pokojowe Zabrze Centrum Zus Co Centrum 62 1690","","unverified","Otodom"
"Sosnowiec","Pogoń / UŚ","OLX_1094384055","Wygodne 51 m² na Pogoni na wynajem przy UŚ","Bema 6","https://www.olx.pl/d/oferta/wygodne-51-m-na-pogoni-na-wynajem-przy-us-CID3-ID1c3WhJ.html","active","search_verified_active","51.5","2","1950","37.86","730","unknown","2680","prąd i gaz wg liczników + zaliczka na zimną wodę","centralne miejskie; ciepła woda piecyk gazowy","gotowe","unknown","3","4","kilka minut pieszo od UŚ","2026-08-28","2026-08-31","2026-09-03","0","","4","Bardzo dobry benchmark blisko UŚ.","kilka minut pieszo od UŚ","https://www.olx.pl/d/oferta/wygodne-51-m-na-pogoni-na-wynajem-przy-us-CID3-ID1c3WhJ.html","","Wygodne 51 m² na Pogoni na wynajem przy UŚ Bema 6 51.5 1950","https://www.olx.pl/nieruchomosci/mieszkania/sprzedaz/q-wygodne-51-m%C2%B2-na-pogoni-na-wynajem-przy-u%C5%9B-bema-6-51.5-1950/","search_fallback","OLX"
"Sosnowiec","Pogoń / UŚ","OLX_1093552168","Wynajmę Mieszkanie 3 pokojowe Pogoń","okolice Grota-Roweckiego","https://www.olx.pl/d/oferta/wynajme-mieszkanie-3-pokojowe-pogon-CID3-ID1c0qSc.html","active","search_verified_active","74","3","2200","29.73","600","unknown","2800","prąd wg zużycia; woda/śmieci częściowo w czynszu wg opisu","unknown","unknown","unknown","parter","unknown","ok. 3 min od UŚ wg ogłoszenia","2026-08-24","2026-08-31","2026-09-03","0","","4","3 pokoje, duży metraż, bardzo blisko UŚ.","ok. 3 min od UŚ wg ogłoszenia","https://www.olx.pl/d/oferta/wynajme-mieszkanie-3-pokojowe-pogon-CID3-ID1c0qSc.html","","Wynajmę Mieszkanie 3 pokojowe Pogoń okolice Grota-Roweckiego 74 2200","https://www.olx.pl/nieruchomosci/mieszkania/sprzedaz/q-wynajm%C4%99-mieszkanie-3-pokojowe-pogo%C5%84-okolice-grota-roweckiego-74-2200/","search_fallback","OLX"
"Sosnowiec","Pogoń / UŚ","OLX_1059106055","Mieszkanie 47m2 3-pokojowe Sosnowiec Pogoń","ul. Hallera","https://www.olx.pl/d/oferta/mieszkanie-47m2-3-pokojowe-sosnowiec-pogon-CID3-ID19FTRJ.html","active","search_verified_active","47","3","1650","35.11","550","unknown","2200.00","media dodatkowo","unknown","unknown","unknown","unknown","unknown","Pogoń; do dokładnego pomiaru","2026-08-03","2026-08-31","2026-09-03","0","","4","Długo aktywna oferta; ważny benchmark czasu ekspozycji.","Pogoń; do dokładnego pomiaru","https://www.olx.pl/d/oferta/mieszkanie-47m2-3-pokojowe-sosnowiec-pogon-CID3-ID19FTRJ.html","","Mieszkanie 47m2 3-pokojowe Sosnowiec Pogoń ul. Hallera 47 1650","https://www.olx.pl/nieruchomosci/mieszkania/sprzedaz/q-mieszkanie-47m2-3-pokojowe-sosnowiec-pogo%C5%84-ul.-hallera-47-1650/","search_fallback","OLX"
"Sosnowiec","Pogoń / UŚ","OLX_1083549224","2 pokoje | 50 m² | Balkon | UŚ, Humanitas 3 min | Pogoń","Osiedle Rudna / Pogoń","https://www.olx.pl/d/oferta/wynajme-mieszkanie-2-pokoje-50-m-balkon-us-humanitas-3-min-sosnowiec-pogon-bezposrednio-CID3-ID1bksEo.html","active","search_verified_active","49","2","2050","41.84","0","0","2050","media wg zużycia, średnio 350–450 zł/2 osoby","unknown","po odświeżeniu / gotowe","unknown","1","3","UŚ w promieniu ok. 100-200 m wg ogłoszenia","unknown","2026-08-31","2026-09-03","0","","4","Brak osobnego czynszu administracyjnego; bardzo blisko UŚ.","UŚ w promieniu ok. 100-200 m wg ogłoszenia","https://www.olx.pl/d/oferta/wynajme-mieszkanie-2-pokoje-50-m-balkon-us-humanitas-3-min-sosnowiec-pogon-bezposrednio-CID3-ID1bksEo.html","","2 pokoje | 50 m² | Balkon | UŚ, Humanitas 3 min | Pogoń Osiedle Rudna / Pogoń 49 2050","https://www.olx.pl/nieruchomosci/mieszkania/sprzedaz/q-2-pokoje-%7C-50-m%C2%B2-%7C-balkon-%7C-u%C5%9B%2C-humanitas-3-min-%7C-pogo%C5%84-osiedle-rudna-%2F-pogo%C5%84-49-2050/","search_fallback","OLX"
"Sosnowiec","Pogoń / UŚ","OLX_1094072335","Mieszkanie dwupokojowe 37m Pogoń Lwowska Sosnowiec","ul. Lwowska","https://www.olx.pl/d/oferta/mieszkanie-dwupokojowe-37m-pogon-lwowska-sosnowiec-CID3-ID1c2CbZ.html","active","search_verified_active","37","2","1600","43.24","600","unknown","2200","prąd, gaz, woda wg zużycia","centralne miejskie; ciepła woda z sieci","gotowe","unknown","2","3","blisko Wydziału Nauk o Ziemi / Osiedla Akademickiego","2026-08-26","2026-08-31","2026-09-03","0","","4","Nieco poniżej docelowych 40 m², ale bardzo dobry benchmark lokalizacyjny.","blisko Wydziału Nauk o Ziemi / Osiedla Akademickiego","https://www.olx.pl/d/oferta/mieszkanie-dwupokojowe-37m-pogon-lwowska-sosnowiec-CID3-ID1c2CbZ.html","","Mieszkanie dwupokojowe 37m Pogoń Lwowska Sosnowiec ul. Lwowska 37 1600","https://www.olx.pl/nieruchomosci/mieszkania/sprzedaz/q-mieszkanie-dwupokojowe-37m-pogo%C5%84-lwowska-sosnowiec-ul.-lwowska-37-1600/","search_fallback","OLX"
"Sosnowiec","Pogoń / UŚ","OLX_1090751264","Do wynajęcia nowe mieszkanie Pogoń Sosnowiec","Przechodnia 4","https://www.olx.pl/d/oferta/do-wynajecia-nowe-mieszkanie-pogon-sosnowiec-CID3-ID1bOGek.html","active","search_verified_active","40","3","1999","49.98","0","unknown","1999.00","gaz, prąd, woda, śmieci wg liczników/zużycia","unknown","unknown","unknown","unknown","unknown","blisko uczelni wg ogłoszenia","unknown","2026-08-31","2026-09-03","0","","4","Cena zawiera czynsz administracyjny wg opisu.","blisko uczelni wg ogłoszenia","https://www.olx.pl/d/oferta/do-wynajecia-nowe-mieszkanie-pogon-sosnowiec-CID3-ID1bOGek.html","","Do wynajęcia nowe mieszkanie Pogoń Sosnowiec Przechodnia 4 40 1999","https://www.olx.pl/nieruchomosci/mieszkania/sprzedaz/q-do-wynaj%C4%99cia-nowe-mieszkanie-pogo%C5%84-sosnowiec-przechodnia-4-40-1999/","search_fallback","OLX"
"Zabrze","Centrum / okolice uczelni","OLX_1095098284","wynajem mieszkania","ul. Ireny Kosmowskiej 26/6, Zabrze","https://www.olx.pl/d/oferta/wynajem-mieszkania-CID3-ID1c6W5y.html","active","legacy_unverified","52","2","2000","38.46","550","unknown","2550","media wg zużycia","unknown","gotowe","unknown","2","unknown","Uczelnie w Zabrzu: dokładne trasy piesze unknown","2026-08-31","2026-09-01","2026-09-02","0","","2","Nowa 2026-09-01; pełna strona OLX zweryfikowana.","unknown","https://www.olx.pl/d/oferta/wynajem-mieszkania-CID3-ID1c6W5y.html","","wynajem mieszkania ul. Ireny Kosmowskiej 26/6, Zabrze 52 2000","https://www.olx.pl/nieruchomosci/mieszkania/sprzedaz/q-wynajem-mieszkania-ul.-ireny-kosmowskiej-26%2F6%2C-zabrze-52-2000/","search_fallback","OLX"
"Sosnowiec","Pogoń","OLX_1094093008","Słoneczne 2 pokojowe Sosnowiec Pogoń rezerwacja","ul. Zamenhofa, Sosnowiec","https://www.olx.pl/d/oferta/sloneczne-2-pokojowe-sosnowiec-pogon-rezerwacja-CID3-ID1c2Hzq.html","active","legacy_unverified","40","2","1200","30.00","650","woda zależnie od liczby osób","1850","woda dodatkowo","centralne miejskie","gotowe","unknown","4","unknown","UŚ: dokładne trasy piesze unknown","2026-08-26","2026-09-01","2026-09-02","0","","2","Nowa 2026-09-01; pełna strona OLX zweryfikowana; rezerwacja.","unknown","https://www.olx.pl/d/oferta/sloneczne-2-pokojowe-sosnowiec-pogon-rezerwacja-CID3-ID1c2Hzq.html","","Słoneczne 2 pokojowe Sosnowiec Pogoń rezerwacja ul. Zamenhofa, Sosnowiec 40 1200","https://www.olx.pl/nieruchomosci/mieszkania/sprzedaz/q-s%C5%82oneczne-2-pokojowe-sosnowiec-pogo%C5%84-rezerwacja-ul.-zamenhofa%2C-sosnowiec-40-1200/","search_fallback","OLX"
"Sosnowiec","Pogoń","OLX_1090323529","WYNAJMĘ przytulne mieszkanie dla STUDENTKI Sosnowiec Pogoń Gospodarcza","ul. Gospodarcza, Sosnowiec","https://www.olx.pl/d/oferta/wynajme-przytulne-mieszkanie-dla-studentki-sosnowiec-pogon-gospodarcza-CID3-ID1bMSXn.html","active","search_verified_active","47.30","3","1400","29.60","857","unknown","2257","prąd i gaz wg liczników","unknown","gotowe","unknown","1","4","UŚ/HA/ŚUM: dokładne trasy unknown","2026-08-10","2026-09-01","2026-09-03","0","","3","Nowa 2026-09-01; pełna strona OLX zweryfikowana.","unknown","https://www.olx.pl/d/oferta/wynajme-przytulne-mieszkanie-dla-studentki-sosnowiec-pogon-gospodarcza-CID3-ID1bMSXn.html","","WYNAJMĘ przytulne mieszkanie dla STUDENTKI Sosnowiec Pogoń Gospodarcza ul. Gospodarcza, Sosnowiec 47.30 1400","https://www.olx.pl/nieruchomosci/mieszkania/sprzedaz/q-wynajm%C4%99-przytulne-mieszkanie-dla-studentki-sosnowiec-pogo%C5%84-gospodarcza-ul.-gospodarcza%2C-sosnowiec-47.30-1400/","search_fallback","OLX"
"Sosnowiec","Pogoń","OLX_1082977619","Wynajmę 2-pokojowe mieszkanie Sosnowiec - Pogoń","ul. Gospodarcza, Sosnowiec","https://www.olx.pl/d/oferta/wynajme-2-pokojowe-mieszkanie-sosnowiec-pogon-CID3-ID1bi3VX.html","active","legacy_unverified","45.5","2","1200","26.37","600","unknown","1800","prąd, gaz; czynsz zawiera wodę, CO, śmieci","CO z sieci; ciepła woda junkers gazowy","gotowe","unknown","1","4","UŚ: dokładne trasy unknown","unknown","2026-09-01","2026-09-02","0","","2","Nowa 2026-09-01; pełna strona OLX zweryfikowana.","unknown","https://www.olx.pl/d/oferta/wynajme-2-pokojowe-mieszkanie-sosnowiec-pogon-CID3-ID1bi3VX.html","","Wynajmę 2-pokojowe mieszkanie Sosnowiec - Pogoń ul. Gospodarcza, Sosnowiec 45.5 1200","https://www.olx.pl/nieruchomosci/mieszkania/sprzedaz/q-wynajm%C4%99-2-pokojowe-mieszkanie-sosnowiec---pogo%C5%84-ul.-gospodarcza%2C-sosnowiec-45.5-1200/","search_fallback","OLX"
"Sosnowiec","Pogoń","OLX_1092170986","Mieszkanie dwupokojowe Pogoń","ul. Zamenhofa 6, Sosnowiec","https://www.olx.pl/d/oferta/mieszkanie-dwupokojowe-pogon-CID3-ID1bUDz4.html","active","legacy_unverified","38","2","1400","36.84","475","woda wg zużycia","1875","gaz/prąd/woda wg zużycia","centralne; brak podzielników CO","gotowe","unknown","1","unknown","UŚ: dokładne trasy unknown","2026-08-18","2026-09-01","2026-09-02","0","","2","Nowa 2026-09-01; pełna strona OLX zweryfikowana.","unknown","https://www.olx.pl/d/oferta/mieszkanie-dwupokojowe-pogon-CID3-ID1bUDz4.html","","Mieszkanie dwupokojowe Pogoń ul. Zamenhofa 6, Sosnowiec 38 1400","https://www.olx.pl/nieruchomosci/mieszkania/sprzedaz/q-mieszkanie-dwupokojowe-pogo%C5%84-ul.-zamenhofa-6%2C-sosnowiec-38-1400/","search_fallback","OLX"
"Sosnowiec","Pogoń / UŚ","OLX_1094858865","Mieszkanie wynajmę Sosnowiec Pogoń","ul. Średnia, Pogoń","https://www.olx.pl/d/oferta/mieszkanie-wynajme-sosnowiec-pogon-CID3-ID1c5UNX.html","active","search_verified_active","40","2","1700","42.50","0","unknown","1700","energia i woda wg liczników","CO, szczegóły unknown","unknown","unknown","1","unknown","UŚ Będzińska 39/60 i Grota-Roweckiego 5: dokładne trasy piesze unknown","2026-08-30","2026-09-02","2026-09-03","0","","2","Bez opłat administracyjnych wg ogłoszenia; kamienica; nieumeblowane; bezpośrednio.","unknown","https://www.olx.pl/d/oferta/mieszkanie-wynajme-sosnowiec-pogon-CID3-ID1c5UNX.html","","Mieszkanie wynajmę Sosnowiec Pogoń ul. Średnia, Pogoń 40 1700","https://www.olx.pl/nieruchomosci/mieszkania/sprzedaz/q-mieszkanie-wynajm%C4%99-sosnowiec-pogo%C5%84-ul.-%C5%9Brednia%2C-pogo%C5%84-40-1700/","search_fallback","OLX"
"Sosnowiec","Pogoń / UŚ","OLX_ID1c0dI8","Wynajme mieszkanie 48m2 Pogoń Sosnowiec","Pogoń","https://www.olx.pl/d/oferta/wynajme-mieszkanie-48m2-pogon-sosnowiec-CID3-ID1c0dI8.html","active","search_verified_active","48","2","2200","45.83","unknown","unknown","2200","unknown","unknown","unknown","unknown","unknown","unknown","UŚ Będzińska 39/60 i Grota-Roweckiego 5: dokładne trasy piesze unknown","2026-08-24","2026-09-02","2026-09-03","-100","","2","Nowa oferta porównawcza; aktualna cena widoczna na liście OLX 2 300 zł. | 2026-09-03: aktualna lista OLX pokazuje 2200 zł; wcześniejsze wyniki pokazywały 2300 zł.","unknown","https://www.olx.pl/d/oferta/wynajme-mieszkanie-48m2-pogon-sosnowiec-CID3-ID1c0dI8.html","","Wynajme mieszkanie 48m2 Pogoń Sosnowiec Pogoń 48 2200","https://www.olx.pl/nieruchomosci/mieszkania/sprzedaz/q-wynajme-mieszkanie-48m2-pogo%C5%84-sosnowiec-pogo%C5%84-48-2200/","search_fallback","OLX"
"Sosnowiec","Pogoń / UŚ","OLX_ID19ctSf","Mieszkanie na wynajem Sosnowiec Pogoń ul. Gospodarcza","ul. Gospodarcza, Pogoń","https://www.olx.pl/d/oferta/mieszkanie-na-wynajem-sosnowiec-pogon-ul-gospodarcza-CID3-ID19ctSf.html","active","search_verified_active","39","2","1500","38.46","unknown","unknown","unknown","unknown","unknown","unknown","unknown","unknown","unknown","UŚ Będzińska 39/60 i Grota-Roweckiego 5: dokładne trasy piesze unknown","2026-08-15","2026-09-02","2026-09-03","0","","2","Cena 1 500 zł do negocjacji; nowa oferta porównawcza.","unknown","https://www.olx.pl/d/oferta/mieszkanie-na-wynajem-sosnowiec-pogon-ul-gospodarcza-CID3-ID19ctSf.html","","Mieszkanie na wynajem Sosnowiec Pogoń ul. Gospodarcza ul. Gospodarcza, Pogoń 39 1500","https://www.olx.pl/nieruchomosci/mieszkania/sprzedaz/q-mieszkanie-na-wynajem-sosnowiec-pogo%C5%84-ul.-gospodarcza-ul.-gospodarcza%2C-pogo%C5%84-39-1500/","search_fallback","OLX"
"Zabrze","Centrum / Powstańców Śląskich","OLX_1093443276","Wynajmę 2-pokojowe mieszkanie w Zabrzu przy ul. Powstańców Śląskich 2","ul. Powstańców Śląskich 2","https://www.olx.pl/d/oferta/wynajme-2-pokojowe-mieszkanie-w-zabrzu-przy-ul-powstancow-slaskich-2-CID3-ID1bZYxS.html","active","search_verified_active","39","2","1800","46.15","204.90","421.60","2426.50","woda 21.60 zł/m3; prąd wg faktur; CO zaliczka 382.60 zł/mies.; śmieci 39 zł/mies.","centralne, zaliczka CO","gotowe","unknown","2","unknown","Politechnika Śląska / ŚUM / Akademia Śląska: dokładne trasy piesze unknown","2026-08-24","2026-09-02","2026-09-03","0","","2","Umeblowane, blok, bez pośredników. Stały koszt = odstępne + administracja + CO + śmieci; woda i prąd zmienne.","unknown","https://www.olx.pl/d/oferta/wynajme-2-pokojowe-mieszkanie-w-zabrzu-przy-ul-powstancow-slaskich-2-CID3-ID1bZYxS.html","","Wynajmę 2-pokojowe mieszkanie w Zabrzu przy ul. Powstańców Śląskich 2 ul. Powstańców Śląskich 2 39 1800","https://www.olx.pl/nieruchomosci/mieszkania/sprzedaz/q-wynajm%C4%99-2-pokojowe-mieszkanie-w-zabrzu-przy-ul.-powsta%C5%84c%C3%B3w-%C5%9Bl%C4%85skich-2-ul.-powsta%C5%84c%C3%B3w-%C5%9Bl%C4%85skich-2-39-1800/","search_fallback","OLX"
"Zabrze","Centrum / Skłodowskiej-Curie","OLX_1029397037","Wynajmę mieszkanie 2-pokojowe ul. Skłodowskiej-Curie 16b, Zabrze","ul. Skłodowskiej-Curie 16b","https://www.olx.pl/d/oferta/wynajme-mieszkanie-2-pokojowe-ul-sklodowskiej-curie-16b-zabrze-CID3-ID17Ffc1.html","active","search_verified_active","52.5","2","1400","26.67","542.90","364.50","2307.40","woda zimna 22.68 zł/m3; podgrzanie wody 56.40 zł/m3; prąd i gaz wg faktur; CO 325.50 zł/mies.; śmieci 39 zł/mies.","miejskie","gotowe","unknown","6","unknown","Politechnika Śląska / ŚUM / Akademia Śląska: dokładne trasy piesze unknown","2026-08-24","2026-09-02","2026-09-03","0","","2","Umeblowane, blok z windą, bez pośredników. Stały koszt = odstępne + administracja + CO + śmieci; pozostałe media zmienne.","unknown","https://www.olx.pl/d/oferta/wynajme-mieszkanie-2-pokojowe-ul-sklodowskiej-curie-16b-zabrze-CID3-ID17Ffc1.html","","Wynajmę mieszkanie 2-pokojowe ul. Skłodowskiej-Curie 16b, Zabrze ul. Skłodowskiej-Curie 16b 52.5 1400","https://www.olx.pl/nieruchomosci/mieszkania/sprzedaz/q-wynajm%C4%99-mieszkanie-2-pokojowe-ul.-sk%C5%82odowskiej-curie-16b%2C-zabrze-ul.-sk%C5%82odowskiej-curie-16b-52.5-1400/","search_fallback","OLX"
"Zabrze","Centrum","otodom_ID4BnM6","Wyposażone 2 pokojowe z balkonem Centrum","Centrum, Zabrze","https://www.otodom.pl/pl/oferta/wyposazone-2-pokojowe-z-balkonem-centrum-ID4BnM6","active","legacy_unverified","48.7","2","1500","30.80","unknown","unknown","unknown","unknown","unknown","gotowe","unknown","unknown","unknown","Politechnika Śląska / ŚUM / Akademia Śląska: dokładne trasy piesze unknown","2026-08-21","2026-09-02","2026-09-02","0","","1","Oferta aktywna na liście OLX/Otodom; bezpośrednia strona Otodom blokuje automatyczny odczyt (403).","unknown","https://www.otodom.pl/pl/oferta/wyposazone-2-pokojowe-z-balkonem-centrum-ID4BnM6","","Wyposażone 2 pokojowe z balkonem Centrum Centrum, Zabrze 48.7 1500","","unverified","Otodom"
"Zabrze","Śródmieście / de Gaulle'a","OTODOM_67151346","Komfortowe M3 w pełni wyposażone gotowe do zamieszkania","ul. gen. Charlesa de Gaulle'a, Zabrze","https://www.otodom.pl/pl/oferta/komfortowe-m3-w-pelni-wyposazone-gotowe-do-zamieszkania-ID4xL8e","active","search_verified_active","53.36","2","2000","37.48","500","unknown","2500","woda, śmieci, prąd, gaz i internet dodatkowo wg zużycia","elektryczne panele na podczerwień","gotowe, umeblowane","unknown","2","2","Centrum; dokładna trasa do Roosevelta do uzupełnienia","2026-08-30","2026-09-02","2026-09-03","0","","2","✅ direct verified on Otodom 2026-09-02. Dostępne od zaraz; najem okazjonalny. Cena całkowita przed mediami jest wysoka, więc nie jest dowodem wysokiej płynności całego segmentu.","unknown","https://www.otodom.pl/pl/oferta/komfortowe-m3-w-pelni-wyposazone-gotowe-do-zamieszkania-ID4xL8e","","Komfortowe M3 w pełni wyposażone gotowe do zamieszkania ul. gen. Charlesa de Gaulle'a, Zabrze 53.36 2000","","unverified","Otodom"
"Zabrze","Centrum Południe / Roosevelta","OTODOM_68276604","Do wynajęcia 2pokojowe mieszkanie w Centrum Zabrza","ul. Roosevelta, Centrum Południe, Zabrze","https://www.otodom.pl/pl/oferta/do-wynajecia-2pokojowe-mieszkanie-w-centrum-zabrza-ID4CtRy","active","search_verified_active","71.4","2","1700","23.81","900","unknown","2600","media dodatkowo","gazowy piec dwufunkcyjny","do wprowadzenia / możliwe odświeżenie","unknown","1","1","blisko wydziałów Politechniki Śląskiej wg ogłoszenia","2026-08-04","2026-09-02","2026-09-03","0","","2","✅ direct verified on Otodom 2026-09-02. Duży lokal nadal aktywny około 4 tygodni po publikacji; produkt rodzinny/pracowniczy, administracja 900 PLN i media dodatkowo ograniczają porównywalność z Jagiellońską.","unknown","https://www.otodom.pl/pl/oferta/do-wynajecia-2pokojowe-mieszkanie-w-centrum-zabrza-ID4CtRy","","Do wynajęcia 2pokojowe mieszkanie w Centrum Zabrza ul. Roosevelta, Centrum Południe, Zabrze 71.4 1700","","unverified","Otodom"
"Zabrze","Centrum / Plac Wolności","OTODOM_65817390","Wynajmę mieszkanie Zabrze Plac Wolności centrum","pl. Plac Wolności 291, Zabrze","https://www.otodom.pl/pl/oferta/wynajme-mieszkanie-zabrze-plac-wolnosci-centrum-ID4sa6O","active","legacy_unverified","42","1","1700","40.48","350","unknown","2050","prąd wg zużycia","elektryczne podłogowe","po remoncie, umeblowane","unknown","3","3","Centrum; dokładna trasa do Roosevelta do uzupełnienia","2026-08-26","2026-09-02","2026-09-02","0","","1","✅ direct verified on Otodom 2026-09-02. Prywatne, dostępne od 2026-09-01; student-friendly, ale to świeżo po remoncie kawalerka i nie jest porównywalne cenowo z dużym lokalem do liftingu.","unknown","https://www.otodom.pl/pl/oferta/wynajme-mieszkanie-zabrze-plac-wolnosci-centrum-ID4sa6O","","Wynajmę mieszkanie Zabrze Plac Wolności centrum pl. Plac Wolności 291, Zabrze 42 1700","","unverified","Otodom"
"Sosnowiec","ŚUM / Centrum-Południe","GRATKA_687386","M2 | 42 m2 | Ostrogórska | dostępne od 31.08.26","ul. Ostrogórska, Sosnowiec","https://gratka.pl/nieruchomosci/mieszkanie-sosnowiec-ostrogorska/ob/48343305","active","direct_verified","42","2","1600","38.10","750-840 (1-2 osoby)","prąd i gaz wg zużycia","2350-2440 + prąd/gaz","zimna woda i CO zaliczkowo w administracji; prąd/gaz wg zużycia","miejskie; CWU łazienka junkers gazowy, kuchnia bojler elektryczny","gotowe","własność","5","11","ŚUM Ostrogórska 30: bardzo blisko / ta sama ulica; dokładny dystans pieszo do uzupełnienia | ŚUM Jagiellońska 4: do weryfikacji","2026-07-22","2026-09-03","2026-09-03","0","","1","✅ direct verified 2026-09-03. Oferta od 22.07 nadal aktywna; to ważny sygnał wolniejszej płynności przy 1600 + wysoka administracja.","unknown","https://gratka.pl/nieruchomosci/mieszkanie-sosnowiec-ostrogorska/ob/48343305","","M2 | 42 m2 | Ostrogórska | dostępne od 31.08.26 ul. Ostrogórska, Sosnowiec 42 1600","","unverified","Gratka"
"Sosnowiec","ŚUM / Centrum-Południe","GRATKA_48343749","3 pokoje z balkonem-klimatyzacja- ul.Ostrogórska","ul. Ostrogórska, Sosnowiec","https://gratka.pl/nieruchomosci/mieszkanie-sosnowiec/ob/48343749","active","direct_unverified_search_confirmed","54","3","1800","33.33","unknown","unknown","unknown","unknown","unknown","gotowe / umeblowane","unknown","7","10","ŚUM Ostrogórska 30: bardzo blisko / ta sama ulica; dokładny dystans do uzupełnienia","2026-07-22","2026-09-03","2026-09-03","0","","1","Widoczna na aktualnej liście Gratka 2026-09-03; direct URL został znaleziony, ale pełna strona miała cache miss. Oferta istnieje od 22.07, więc istotny benchmark czasu ekspozycji.","unknown","https://gratka.pl/nieruchomosci/mieszkanie-sosnowiec/ob/48343749","","3 pokoje z balkonem-klimatyzacja- ul.Ostrogórska ul. Ostrogórska, Sosnowiec 54 1800","","unverified","Gratka"
"Sosnowiec","ŚUM / Centrum-Południe","GRATKA_47793897","2-pokojowe, słoneczne mieszkanie w Centrum","ul. Jagiellońska, Sosnowiec","https://gratka.pl/nieruchomosci/mieszkanie-sosnowiec-jagiellonska/ob/47793897","active","direct_unverified_related_listing_confirmed","38","2","1800","47.37","unknown","unknown","unknown","unknown","unknown","unknown","unknown","3","10","ŚUM Jagiellońska 4: bardzo blisko / ta sama ulica; ŚUM Ostrogórska 30: do weryfikacji","unknown","2026-09-03","2026-09-03","0","","1","Oferta widoczna jako podobna na zweryfikowanej stronie Gratka 2026-09-03; direct URL znaleziony, pełny odczyt cache miss.","unknown","https://gratka.pl/nieruchomosci/mieszkanie-sosnowiec-jagiellonska/ob/47793897","","2-pokojowe, słoneczne mieszkanie w Centrum ul. Jagiellońska, Sosnowiec 38 1800","","unverified","Gratka"
"Sosnowiec","Pas Centrum ↔ Pogoń","GRATKA_47780123","Sosnowiec Sobieskiego 2 pokoje umeblowane i wyposażone","ul. Jana III Sobieskiego, Sosnowiec","https://gratka.pl/nieruchomosci/mieszkanie-sosnowiec-jana-iii-sobieskiego/ob/47780123","active","direct_unverified_related_listing_confirmed","36","2","1600","44.44","unknown","unknown","unknown","unknown","unknown","po remoncie / gotowe","unknown","4","4","położenie pomiędzy centrum a Pogonią; dokładne trasy do UŚ i ŚUM do uzupełnienia","2026-06-10","2026-09-03","2026-09-03","0","","1","Benchmark pasa Centrum↔Pogoń. Oferta widoczna na Gratka od czerwca; pełny direct miał cache miss. Długi czas ekspozycji wymaga ostrożności przy interpretacji popytu.","unknown","https://gratka.pl/nieruchomosci/mieszkanie-sosnowiec-jana-iii-sobieskiego/ob/47780123","","Sosnowiec Sobieskiego 2 pokoje umeblowane i wyposażone ul. Jana III Sobieskiego, Sosnowiec 36 1600","","unverified","Gratka"
"Sosnowiec","ŚUM / Centrum-Południe","OLX_SEARCH_OSTROGORSKA35A_20260903","Wynajme mieszkanie Sosnowiec ul. Ostrogórska 35A","ul. Ostrogórska 35A, Sosnowiec","https://www.olx.pl/nieruchomosci/mieszkania/wynajem/sosnowiec/q-mieszkanie/","active","search_verified_active","43","unknown","1200","27.91","unknown","unknown","unknown","unknown","unknown","unknown","unknown","unknown","unknown","ŚUM Ostrogórska 30: bardzo blisko / okolica tej samej ulicy; dokładny dystans do uzupełnienia","2026-08-30","2026-09-03","2026-09-03","0","","1","🔎 search verified na OLX 2026-09-03; direct URL nie został zweryfikowany. Bardzo niska stawka ofertowa, trzeba sprawdzić czy 1200 zł to faktyczne odstępne właściciela czy cena niepełna.","unknown","https://www.olx.pl/nieruchomosci/mieszkania/wynajem/sosnowiec/q-mieszkanie/","","Wynajme mieszkanie Sosnowiec ul. Ostrogórska 35A ul. Ostrogórska 35A, Sosnowiec 43 1200","https://www.olx.pl/nieruchomosci/mieszkania/sprzedaz/q-wynajme-mieszkanie-sosnowiec-ul.-ostrog%C3%B3rska-35a-ul.-ostrog%C3%B3rska-35a%2C-sosnowiec-43-1200/","search_fallback","OLX"
"Zabrze","Centrum / Roosevelta","OLX_1094795359","Mieszkanie do wynajęcia z dwiema sypialniami oraz salonem z aneksem kuchennym przy ulicy Roosevelta 8","ul. Roosevelta 8, Zabrze","https://www.olx.pl/d/oferta/mieszkanie-do-wynajecia-z-dwiema-sypialniami-oraz-salonem-z-aneksem-kuchennym-przy-ulicy-roosevelta-8-CID3-ID1c5EhF.html","uncertain","stale_cache_unverified","48","2","2000","41.67","660","unknown","2660 + media wg zużycia","prąd i media wg zużycia","centralne miejskie; ciepła woda piecyk gazowy","gotowe / umeblowane","unknown","1","unknown","Roosevelta 26–28 i Roosevelta 40: dokładne trasy piesze do pomiaru","2026-08-29","2026-09-03","2026-09-03","0","","1","Korekta 2026-09-03: wcześniejszy odczyt automatyczny pokazał opis, ale nie mam niezależnego live potwierdzenia z przeglądarki; użytkownik zgłosił nieaktywną stronę. Status uncertain, nie withdrawn. Dane opisowe są historycznym snapshotem i wymagają powtórnej kontroli po tytule/ID na OLX.","unknown","https://www.olx.pl/d/oferta/mieszkanie-do-wynajecia-z-dwiema-sypialniami-oraz-salonem-z-aneksem-kuchennym-przy-ulicy-roosevelta-8-CID3-ID1c5EhF.html","","Mieszkanie do wynajęcia z dwiema sypialniami oraz salonem z aneksem kuchennym przy ulicy Roosevelta 8 ul. Roosevelta 8, Zabrze 48 2000","https://www.olx.pl/nieruchomosci/mieszkania/sprzedaz/q-mieszkanie-do-wynaj%C4%99cia-z-dwiema-sypialniami-oraz-salonem-z-aneksem-kuchennym-przy-ulicy-roosevelta-8-ul.-roosevelta-8%2C-zabrze-48-2000/","search_fallback","OLX"
"Sosnowiec","Pogoń / UŚ","NIERUCHOMOSCI_ONLINE_26800384","Mieszkanie do wynajęcia 65 m² przy Grota-Roweckiego","ul. Grota-Roweckiego, Sosnowiec Pogoń","https://sosnowiec.nieruchomosci-online.pl/mieszkanie,na-wynajem/26800384.html","active","direct_page_fetched_2026-09-03","65","3","1500","23.08","unknown","media wg zużycia","1500 (1. rok), następnie 1800 + media","media wg zużycia","gazowe / piec dwufunkcyjny","do odświeżenia","unknown","1","3","Pogoń/UŚ: ul. Grota-Roweckiego; dokładna trasa piesza do uczelni do zmierzenia","unknown","2026-09-03","2026-09-03","0","","1","Bez czynszu administracyjnego wskazanego na karcie; czynsz właściciela 1500 zł przez pierwszy rok, później 1800 zł. Karta bezpośrednia odczytana 2026-09-03; aktywność potwierdzona automatycznie, bez niezależnej sesji Chrome.","unknown","https://sosnowiec.nieruchomosci-online.pl/mieszkanie,na-wynajem/26800384.html","","Mieszkanie do wynajęcia 65 m² przy Grota-Roweckiego ul. Grota-Roweckiego, Sosnowiec Pogoń 65 1500","","unverified","Nieruchomosci-online"
"Zabrze","Centrum","MORIZON_2047970435","Mieszkanie do wynajęcia 53 m², 2 pokoje, Zabrze Centrum","Centrum, Zabrze","https://www.morizon.pl/oferta/wynajem-mieszkanie-zabrze-centrum-53m2-mzn2047970435","active","direct_page_fetched_2026-09-03","53","2","unknown","unknown","unknown","media wg zużycia","2200 + media","media wg zużycia","gazowe / piec dwufunkcyjny","po remoncie / umeblowane","unknown","3","3","Centrum: dokładna ulica i trasy do Roosevelta do uzyskania","2026-09-01","2026-09-03","2026-09-03","0","","1","Morizon podaje 2200 zł jako „odstępne z czynszem”, więc nie wolno traktować tej kwoty jako samego czynszu właściciela ani liczyć stawki owner-rent/m². Karta bezpośrednia odczytana 2026-09-03; aktywność potwierdzona automatycznie, bez niezależnej sesji Chrome.","unknown","https://www.morizon.pl/oferta/wynajem-mieszkanie-zabrze-centrum-53m2-mzn2047970435","","Mieszkanie do wynajęcia 53 m², 2 pokoje, Zabrze Centrum Centrum, Zabrze 53 unknown","","unverified","Morizon"
