"market_city","district_area","listing_id","title","address","url","status","verification_status","asking_price_pln","price_per_m2_pln","area_m2","rooms","admin_fee_pln","other_monthly_fees_pln","heating_type","property_condition","ownership_type","floor","floors_in_building","building_type","building_year","elevator","balcony","parking","furnishing","universities_distances","published_date","added_date","first_seen","last_seen","price_change_pln","disappeared_date","days_observed","estimated_owner_rent_pln","estimated_gross_yield_pct","investment_fit","ranking_score","rank_position","notes","primary_url","alternative_urls","search_query","search_url","link_status","link_portal"
"Zabrze","Rokitnica / ŚUM","OLX_1092443603","Okazja Inwestycyjna | Blisko Sum","ul. Kołobrzeska 17, Zabrze-Rokitnica","https://www.olx.pl/d/oferta/okazja-inwestycyjna-blisko-sum-CID3-ID1bWMu7.html","active","verified_on_listing_page","199000","3790.48","52.50","3","unknown","unknown","centralne miejskie","do remontu","unknown","1","unknown","blok","unknown","unknown","unknown","unknown","nie","ŚUM Rokitnica/Jordana: blisko wg ogłoszenia; dokładna trasa piesza unknown","unknown","2026-09-02","2026-09-02","2026-09-02","0","","1","2000","12.06","bardzo dobry / wymaga remontu","88","1","verified_on_listing_page; bardzo niska cena/m², 3 pokoje, CO miejskie, blisko ŚUM; pełny remont obniża wynik względem papierowego ROI","https://www.olx.pl/d/oferta/okazja-inwestycyjna-blisko-sum-CID3-ID1bWMu7.html","","Okazja Inwestycyjna | Blisko Sum ul. Kołobrzeska 17, Zabrze-Rokitnica 52.50 199000","https://www.olx.pl/nieruchomosci/mieszkania/sprzedaz/q-okazja-inwestycyjna-%7C-blisko-sum-ul.-ko%C5%82obrzeska-17%2C-zabrze-rokitnica-52.50-199000/","direct_verified","OLX"
"Zabrze","Centrum / Powstańców Śląskich","MORIZON_2047773484","M4 | samo Centrum | C.O miejskie","ul. Powstańców Śląskich, Zabrze","https://www.morizon.pl/oferta/sprzedaz-mieszkanie-zabrze-centrum-powstancow-slaskich-67m2-mzn2047773484","active","✅ direct verified","289000","4292.29","67.33","3","673.30","unknown","centralne miejskie","do remontu — nie zakładać wyłącznie lekkiego liftingu","własność","4","5","kamienica z cegły","1950","unknown","unknown","parking naziemny","umeblowana kuchnia","Roosevelta 26–28: ok. 1,9 km / 27 min pieszo, pomiar orientacyjny z nazwy ulicy (brak numeru w ogłoszeniu)","2026-07-13","2026-09-02","2026-08-31","2026-09-02","0","","3","2200","9.13","bardzo dobra cena i układ, ale istotne ryzyko CAPEX/budynku","78","2","✅ direct verified on Morizon 2026-09-02. 3 niezależne pokoje, 290 cm wysokości, dwustronne, oryginalny parkiet, osobna kuchnia i okna w łazience/kuchni. Strona jednoznacznie podaje stan lokalu ORAZ budynku: do remontu; czynsz 673,30 PLN. Zdjęcia pokazują czyste, puste pokoje z dobrym parkietem, ale brak podstaw do uznania zakresu prac za zdalny lifting. Piętro 4/5, winda niepotwierdzona.","https://www.morizon.pl/oferta/sprzedaz-mieszkanie-zabrze-centrum-powstancow-slaskich-67m2-mzn2047773484","","M4 | samo Centrum | C.O miejskie ul. Powstańców Śląskich, Zabrze 67.33 289000","","direct_verified","Morizon"
"Zabrze","Centrum / de Gaulle'a","MORIZON_2047909084","2 niezależne pokoje/wyposażone/przy ul.De Gaulle'a","ul. de Gaulle'a, Zabrze","https://www.otodom.pl/pl/oferta/2-niezalezne-pokoje-wyposazone-przy-ul-de-gaullea-ID4CDLC","active","✅ direct verified","255000","6015.57","42.39","2","300","unknown","gazowe","do zamieszkania / tylko lekkie odświeżenie","pełna własność","parter","2","blok","1960","nie","nie","liczne miejsca pod budynkiem","tak","Akademickie Centrum Stomatologii: ok. 5 min pieszo wg pełnego ogłoszenia | Politechnika Śląska: blisko wg pełnego ogłoszenia","2026-08-14","2026-09-02","2026-09-02","2026-09-02","0","","1","1850","8.71","referencyjny standard, za droga względem większych lokali","70","","✅ direct verified on Otodom 2026-09-02; stan dobry i czynsz 300 PLN, ale 6 016 zł/m² za 42,39 m² jest za wysoką premią względem benchmarków: Powstańców Śląskich 67,33 m² / 289 tys. i Jagiellońska 1 ok. 83 m² / 348 tys.; nie jest kandydatem pierwszego wyboru","https://www.otodom.pl/pl/oferta/2-niezalezne-pokoje-wyposazone-przy-ul-de-gaullea-ID4CDLC","","2 niezależne pokoje/wyposażone/przy ul.De Gaulle'a ul. de Gaulle'a, Zabrze 42.39 255000","","direct_verified","Otodom"
"Sosnowiec","Pogoń","OLX_1094226703","Pogoń, 2 pokoje z balkonem w bloku, umeblowane, bez prowizji","ul. Hallera, Sosnowiec","https://www.olx.pl/d/oferta/pogon-2-pokoje-z-balkonem-w-bloku-umeblowane-bez-prowizji-CID3-ID1c3glN.html","active","verified_on_listing_page","255000","5604.4","45.5","2","730","unknown","centralne miejskie; ciepła woda gazowa","gotowe","unknown","1","10","blok","unknown","tak","tak","unknown","tak","UŚ: dokładne trasy piesze unknown","2026-08-27","2026-09-01","2026-09-01","2026-09-02","0","","2","1850","8.71","bardzo dobry","84","4","verified_on_listing_page","https://www.olx.pl/d/oferta/pogon-2-pokoje-z-balkonem-w-bloku-umeblowane-bez-prowizji-CID3-ID1c3glN.html","","Pogoń, 2 pokoje z balkonem w bloku, umeblowane, bez prowizji ul. Hallera, Sosnowiec 45.5 255000","https://www.olx.pl/nieruchomosci/mieszkania/sprzedaz/q-pogo%C5%84%2C-2-pokoje-z-balkonem-w-bloku%2C-umeblowane%2C-bez-prowizji-ul.-hallera%2C-sosnowiec-45.5-255000/","direct_verified","OLX"
"Zabrze","Centrum","OLX_1088505895","Nowe dwupoziomowe mieszkanie z klimatyzacją. Centrum Zabrza","ul. Różańskiego, Zabrze","https://www.olx.pl/d/oferta/nowe-dwupoziomowe-mieszkanie-z-klimatyzacja-centrum-zabrza-CID3-ID1bFg6H.html","active","verified_on_listing_page","279000","6975","40","2","450","unknown","centralne gazowe","gotowe / nowe","unknown","3","3","adaptacja strychu / budynek ocieplony","unknown","unknown","nie podano","przy budynku","tak","Politechnika Śląska / ŚUM: exact walking distance unknown","2026-07-31","2026-09-01","2026-09-01","2026-09-02","0","","2","1800","7.74","dobry","78","5","verified_on_listing_page","https://www.olx.pl/d/oferta/nowe-dwupoziomowe-mieszkanie-z-klimatyzacja-centrum-zabrza-CID3-ID1bFg6H.html","","Nowe dwupoziomowe mieszkanie z klimatyzacją. Centrum Zabrza ul. Różańskiego, Zabrze 40 279000","https://www.olx.pl/nieruchomosci/mieszkania/sprzedaz/q-nowe-dwupoziomowe-mieszkanie-z-klimatyzacj%C4%85.-centrum-zabrza-ul.-r%C3%B3%C5%BCa%C5%84skiego%2C-zabrze-40-279000/","direct_verified","OLX"
"Sosnowiec","Pogoń","OLX_1093815345","2 Pokoje Sosnowiec Pogoń","ul. Staropogońska, Sosnowiec","https://www.olx.pl/d/oferta/2-pokoje-sosnowiec-pogon-CID3-ID1c1xkZ.html","active","verified_on_listing_page","275000","6455.4","42.6","2","unknown","unknown","centralne gazowe dla budynku","w trakcie remontu / do wykończenia","unknown","parter","unknown","kamienica","unknown","unknown","unknown","unknown","nie","UŚ: dokładne trasy piesze unknown","2026-08-25","2026-09-01","2026-09-01","2026-09-02","0","","2","1850","8.07","średni/dobry","74","6","verified_on_listing_page","https://www.olx.pl/d/oferta/2-pokoje-sosnowiec-pogon-CID3-ID1c1xkZ.html","","2 Pokoje Sosnowiec Pogoń ul. Staropogońska, Sosnowiec 42.6 275000","https://www.olx.pl/nieruchomosci/mieszkania/sprzedaz/q-2-pokoje-sosnowiec-pogo%C5%84-ul.-staropogo%C5%84ska%2C-sosnowiec-42.6-275000/","direct_verified","OLX"
"Sosnowiec","Pogoń / Staropogońska","OLX_1088870079","Sosnowiec Pogoń Staropogońska, kawalerka, 2 piętro w niskim bloku","ul. Staropogońska 62, Sosnowiec","https://www.olx.pl/d/oferta/sosnowiec-pogon-staropogonska-kawalerka-2-pietro-w-niskim-bloku-CID3-ID1bGMQD.html","active","verified_on_listing_page","189000","6104.65","30.96","1","401.50","unknown","centralne miejskie; ciepła woda gazowa","do remontu","odrębna własność z KW","2","unknown","niski blok","unknown","nie","nie podano","unknown","nie","UŚ Pogoń: dokładna trasa piesza unknown","2026-08-02","2026-09-02","2026-09-02","2026-09-02","0","","1","1450","9.21","dobry / value-add","72","7","verified_on_listing_page; niska cena wejścia i niski czynsz administracyjny, ale 1 pokój i pełny remont; możliwość aranżacji wymaga sprawdzenia","https://www.olx.pl/d/oferta/sosnowiec-pogon-staropogonska-kawalerka-2-pietro-w-niskim-bloku-CID3-ID1bGMQD.html","","Sosnowiec Pogoń Staropogońska, kawalerka, 2 piętro w niskim bloku ul. Staropogońska 62, Sosnowiec 30.96 189000","https://www.olx.pl/nieruchomosci/mieszkania/sprzedaz/q-sosnowiec-pogo%C5%84-staropogo%C5%84ska%2C-kawalerka%2C-2-pi%C4%99tro-w-niskim-bloku-ul.-staropogo%C5%84ska-62%2C-sosnowiec-30.96-189000/","direct_verified","OLX"
"Zabrze","Centrum","OLX_1092766029","Mieszkanie na sprzedaż BEZPOŚREDNIO OD WŁAŚCICIELA | Zabrze Centrum M2 z potencjałem na M3","ul. Sądowa 6, Zabrze","https://www.olx.pl/d/oferta/mieszkanie-na-sprzedaz-bezposrednio-od-wlasciciela-zabrze-centrum-m2-z-potencjalem-na-m3-52-43m-balkon-termomodernizacja-ogrzewanie-miejskie-CID3-ID1bX8mx.html","active","verified_on_listing_page","242000","4615.68","52.43","2","1228.86","woda/kanalizacja/odpady wg zużycia","centralne miejskie","do remontu","unknown","2","3","blok","unknown","unknown","tak","unknown","nie","Politechnika Śląska: ok. 600 m wg ogłoszenia | ŚUM: exact walking distance unknown","2026-08-20","2026-09-01","2026-09-01","2026-09-02","0","","2","1800","8.93","słaby dla założeń","68","8","verified_on_listing_page","https://www.olx.pl/d/oferta/mieszkanie-na-sprzedaz-bezposrednio-od-wlasciciela-zabrze-centrum-m2-z-potencjalem-na-m3-52-43m-balkon-termomodernizacja-ogrzewanie-miejskie-CID3-ID1bX8mx.html","","Mieszkanie na sprzedaż BEZPOŚREDNIO OD WŁAŚCICIELA | Zabrze Centrum M2 z potencjałem na M3 ul. Sądowa 6, Zabrze 52.43 242000","https://www.olx.pl/nieruchomosci/mieszkania/sprzedaz/q-mieszkanie-na-sprzeda%C5%BC-bezpo%C5%9Brednio-od-w%C5%82a%C5%9Bciciela-%7C-zabrze-centrum-m2-z-potencja%C5%82em-na-m3-ul.-s%C4%85dowa-6%2C-zabrze-52.43-242000/","direct_verified","OLX"
"Zabrze","Centrum / Jagiellońska","HIST_JAGIELLONSKA1_83M2","Sprzedam 3pokoje Jagiellonska1","ul. Jagiellońska 1, Zabrze","unknown","historical_reference","partially_verified","348000","4192.77","83","3","261","gaz ok. 350 PLN/mies. w sezonie wg wcześniejszego ogłoszenia","gazowy piec dwufunkcyjny","unknown / do weryfikacji","unknown","2","3","kamienica","unknown","unknown","unknown","parking na podwórzu","unknown","uczelnie centrum Zabrza: dokładna trasa piesza unknown","2026-08-07","2026-09-02","2026-08-31","2026-09-02","0","","3","2300","7.93","historyczny benchmark","","","Rekord historyczny zachowany; aktualne aktywne ogłoszenie tej samej oferty znajduje się pod OLX_1089934217.","unknown","","Sprzedam 3pokoje Jagiellonska1 ul. Jagiellońska 1, Zabrze 83 348000","","unverified","portal"
"Zabrze","Centrum / Jagiellońska","OLX_1089934217","Sprzedam 3pokoje Jagiellonska1","ul. Jagiellońska 1, Zabrze","https://www.olx.pl/d/oferta/sprzedam-3pokoje-jagiellonska1-CID3-ID1bLfG9.html?srsltid=AfmBOor9fn4WzFeY8otaUOsZE1MemBPX9rgj4--TzQYdJHgsOAxh7iL9","active","✅ direct verified","348000","4192.77","83","3","261","gaz ok. 350 PLN/mies. w sezonie wg ogłoszenia","gazowy piec dwufunkcyjny","użytkowe, kuchnia starsza — potencjalnie lekki lifting","unknown","2","3","zadbana kamienica","unknown","unknown","unknown","parking na podwórzu","tak","Roosevelta 26–28: 1,8 km / 26 min pieszo","2026-08-07","2026-09-02","2026-09-02","2026-09-02","0","","1","1900","6.55","najmocniejszy benchmark wartości w Zabrzu, do weryfikacji układ i instalacje","86","1","✅ direct verified on OLX 2026-09-02. 2 niezależne pokoje + salon przechodni, osobna kuchnia, łazienka; piwnica 13,7 m² i strych ponad 20 m². Zdjęcia: łazienka jest w dobrym, użytkowym stanie; kuchnia starsza, ale nie wygląda na wymagającą natychmiastowego generalnego remontu. Bardzo niski czynsz. Ryzyka: salon przechodni, gaz i odległość ponad preferowane 1,5 km od Roosevelta 26–28. Najem 1 900 PLN jest konserwatywną aktualizacją po kontroli aktywnych porównywalnych ofert 70–71 m² w Centrum (1 700–1 890 PLN odstępnego); 2 300 PLN nie jest obecnie realistycznym założeniem bazowym.","https://www.olx.pl/d/oferta/sprzedam-3pokoje-jagiellonska1-CID3-ID1bLfG9.html?srsltid=AfmBOor9fn4WzFeY8otaUOsZE1MemBPX9rgj4--TzQYdJHgsOAxh7iL9","","Sprzedam 3pokoje Jagiellonska1 ul. Jagiellońska 1, Zabrze 83 348000","https://www.olx.pl/nieruchomosci/mieszkania/sprzedaz/q-sprzedam-3pokoje-jagiellonska1-ul.-jagiello%C5%84ska-1%2C-zabrze-83-348000/","direct_verified","OLX"
"Zabrze","Śródmieście / Dubiela","OTODOM_68370011","Mieszkanie 66,7 m² | 5 pokoi | Idealne pod inwestycję","ul. Dubiela, Zabrze","https://www.otodom.pl/pl/oferta/mieszkanie-66-7-m-5-pokoi-idealne-pod-inwestycje-ID4CSa7","active","✅ direct verified","299000","4482.76","66.7","5","unknown","unknown","elektryczne ogrzewanie podłogowe","do zamieszkania","pełna własność","3","unknown","budynek po termomodernizacji","unknown","unknown","nie podano","piwnica ok. 13 m²","unknown","Roosevelta 26–28: 1,5 km / 21 min pieszo | Roosevelta 40: 1,7 km / 24 min pieszo","2026-09-01","2026-09-02","2026-09-02","2026-09-02","0","","1","unknown","unknown","niska cena/m², ale niezgodne ze strategią wynajmu całego mieszkania","66","","✅ direct verified on Otodom 2026-09-02. 5 pokoi i 2 łazienki; ogłoszenie potwierdza dotychczasowy najem pod kwatery pracownicze / hostel. Niska cena/m² porównywalna z benchmarkami, lecz układ i deklarowane przeznaczenie wymagają sprawdzenia, czy lokal nie był trwale przerobiony pod pokoje; ogrzewanie elektryczne i brak czynszu to kluczowe ryzyka kosztowe","https://www.otodom.pl/pl/oferta/mieszkanie-66-7-m-5-pokoi-idealne-pod-inwestycje-ID4CSa7","","Mieszkanie 66,7 m² | 5 pokoi | Idealne pod inwestycję ul. Dubiela, Zabrze 66.7 299000","","direct_verified","Otodom"
"Zabrze","Centrum Południe / 3 Maja","OTODOM_67929046","Zabrze centrum | 4 pokoje po remoncie | Inwestycja","ul. 3 Maja, Zabrze","https://www.otodom.pl/pl/oferta/zabrze-centrum-4-pokoje-po-remoncie-inwestycja-ID4B1rM","active","✅ direct verified","320000","5517.24","58","4","unknown","unknown","unknown","świeżo po kompleksowym remoncie","pełna własność","2","4","odnowiona kamienica","unknown","unknown","nie podano","parking wyłącznie dla mieszkańców","umeblowane","Roosevelta 26–28: 1,2 km / 16 min pieszo | Roosevelta 40: 1,3 km / 18 min pieszo","2026-08-27","2026-09-02","2026-09-02","2026-09-02","0","","1","unknown","unknown","dobry stan, ale zbyt wysoka cena/m² względem dużych benchmarków Zabrza","69","","✅ direct verified on Otodom 2026-09-02. Gotowe po remoncie, lecz 58 m² / 320k = 5 517 PLN/m² oraz 4 niezależne umeblowane pokoje wskazują produkt pod wynajem pokoi; nie jest analogiem do większego mieszkania na wynajem w całości i płaci się tu premię za gotowość","https://www.otodom.pl/pl/oferta/zabrze-centrum-4-pokoje-po-remoncie-inwestycja-ID4B1rM","","Zabrze centrum | 4 pokoje po remoncie | Inwestycja ul. 3 Maja, Zabrze 58 320000","","direct_verified","Otodom"
"Sosnowiec","Pogoń / Gospodarcza","OTODOM_68210399","! AKTUALNE ! OKAZJA ! 3 POKOJE Sosnowiec, Pogoń, ul. Gospodarcza","ul. Gospodarcza, Sosnowiec","https://www.otodom.pl/pl/oferta/aktualne-okazja-3-pokoje-sosnowiec-pogon-ul-gospodarcza-ID4CcDJ","active","✅ direct verified","310000","6498.95","47.70","3","560","unknown","centralne miejskie / ciepła woda gazowa","do zamieszkania / lekki lifting","pełna własność z KW","3","4","ocieplony blok","unknown","nie podano","tak","miejsca dla lokatorów","częściowo tak","UŚ: blisko wg pełnego ogłoszenia; dokładna trasa piesza do weryfikacji","2026-08-21","2026-09-02","2026-09-02","2026-09-02","0","","1","1900","7.35","bardzo dobry dla zdalnego zakupu","87","1","✅ direct verified on Otodom 2026-09-02; instalacja elektryczna wymieniona podczas sukcesywnych remontów, kuchnia z AGD w bardzo dobrym stanie, łazienka sprawna i zadbana; brak potrzeby pełnego remontu; zdjęcia poglądowe — stan należy potwierdzić podczas oględzin","https://www.otodom.pl/pl/oferta/aktualne-okazja-3-pokoje-sosnowiec-pogon-ul-gospodarcza-ID4CcDJ","","! AKTUALNE ! OKAZJA ! 3 POKOJE Sosnowiec, Pogoń, ul. Gospodarcza ul. Gospodarcza, Sosnowiec 47.70 310000","","direct_verified","Otodom"
"Zabrze","Śródmieście / Goethego","OTODOM_68066311","Gotowe do wejścia | 2 pokoje | centrum Zabrza | stylowy design","Goethego 32, Zabrze","https://www.otodom.pl/pl/oferta/gotowe-do-wejscia-2-pokoje-centrum-zabrza-stylowy-design-ID4BB9J","active","✅ direct verified","245000","6282.05","39.00","2","400","unknown","gazowe / piec dwufunkcyjny","gotowe do zamieszkania","pełna własność","2","3","unknown","unknown","nie podano","nie","unknown","tak","Politechnika Śląska: dokładna trasa piesza do weryfikacji; dobra komunikacja wg pełnego ogłoszenia","2026-08-24","2026-09-02","2026-09-02","2026-09-02","0","","1","1800","8.82","referencyjny standard, za droga względem większych lokali","65","","✅ direct verified on Otodom 2026-09-02; gotowe i prywatne, ale 6 282 zł/m² za 39 m² jest zbyt drogie względem większych benchmarków w centrum Zabrza; pozostaje wyłącznie jako wzorzec standardu, nie kandydat zakupowy","https://www.otodom.pl/pl/oferta/gotowe-do-wejscia-2-pokoje-centrum-zabrza-stylowy-design-ID4BB9J","","Gotowe do wejścia | 2 pokoje | centrum Zabrza | stylowy design Goethego 32, Zabrze 39.00 245000","","direct_verified","Otodom"
"Sosnowiec","Pogoń / Będzińska","OLX_1091243229","Mieszkanie na sprzedaż - bez prowizji!","ul. Będzińska, Sosnowiec","https://www.olx.pl/d/oferta/mieszkanie-na-sprzedaz-bez-prowizji-CID3-ID1bQKdf.html","uncertain","stale_cache_unverified","335000","5775.86","58","2","unknown","unknown","unknown","po kompleksowym remoncie","pełna własność z KW","3","unknown","kamienica","unknown","unknown","unknown","parking na terenie ogrodzonym","tak","UŚ/ŚUM: pełne ogłoszenie wskazuje pobliskie uczelnie, ale brak dokładnej trasy pieszej","2026-08-15","2026-09-03","2026-09-03","2026-09-03","0","","1","2000","7.16","nie kwalifikować do rankingu do potwierdzenia live","66","","Korekta 2026-09-03: wcześniejszy odczyt narzędziowy był cache sprzed ok. 2 tygodni, a użytkownik zgłosił, że strona nie pokazuje aktywnego ogłoszenia. Status uncertain, nie withdrawn — wymaga dwóch niezależnych kontroli na żywo / po dokładnym tytule na OLX. Dane opisowe pozostają historycznym snapshotem, nie bieżącym potwierdzeniem.","https://www.olx.pl/d/oferta/mieszkanie-na-sprzedaz-bez-prowizji-CID3-ID1bQKdf.html","","Mieszkanie na sprzedaż - bez prowizji! ul. Będzińska, Sosnowiec 58 335000","https://www.olx.pl/nieruchomosci/mieszkania/sprzedaz/q-mieszkanie-na-sprzeda%C5%BC---bez-prowizji%21-ul.-b%C4%99dzi%C5%84ska%2C-sosnowiec-58-335000/","search_fallback","OLX"
"Sosnowiec","Pogoń","DOMIPORTA_156695404","2-pokojowe mieszkanie 38 m² w Sosnowcu, własna aranżacja - polecam!","Pogoń, Sosnowiec","https://www.domiporta.pl/nieruchomosci/sprzedam-mieszkanie-dwupokojowe-sosnowiec-pogon-pogon-38m2/156695404","active","direct_page_fetched_2026-09-03","215000","5610.65","38.32","2","607.04","unknown","centralne miejskie","do własnej aranżacji / remont","własność","0","5","wielka płyta","1970","unknown","unknown","unknown","unknown","Pogoń/UŚ: dzielnica objęta strategią; dokładna trasa piesza do UŚ do zmierzenia","unknown","unknown","2026-09-03","2026-09-03","0","","1","1500","8.37","potencjalnie dobry koszt wejścia, ale pełny zakres CAPEX i dokładny adres do weryfikacji","unknown","","Karta Domiporta odczytana 2026-09-03 (portal podał dodanie 16 dni wcześniej): 2 pokoje, parter, piwnica 3.25 m²; czynsz SM 607.04 zł obejmuje wodę, CO, fundusz remontowy, eksploatację i śmieci; CWU gazowe. Aktywność potwierdzona automatycznym odczytem strony, bez niezależnej sesji Chrome.","https://www.domiporta.pl/nieruchomosci/sprzedam-mieszkanie-dwupokojowe-sosnowiec-pogon-pogon-38m2/156695404","","2-pokojowe mieszkanie 38 m² w Sosnowcu, własna aranżacja - polecam! Pogoń, Sosnowiec 38.32 215000","","unverified","Domiporta"
"Sosnowiec","Pogoń / Będzińska","DOMIPORTA_156592293","Przestronne 3-pokojowe mieszkanie w Sosnowcu, gotowe pod inwestycję! polecam!","ul. Będzińska 55, Sosnowiec","https://www.domiporta.pl/nieruchomosci/sprzedam-mieszkanie-trzypokojowe-sosnowiec-pogon-bedzinska-71m2/156592293","active","direct_page_fetched_2026-09-03","385000","5400.48","71.29","3","unknown","unknown","centralne miejskie","gotowe / umeblowane","unknown","3","4","blok / wielka płyta","1980","unknown","unknown","unknown","unknown","Pogoń/UŚ: ogłoszenie deklaruje bliskość uczelni; dokładna trasa piesza do UŚ do zmierzenia","unknown","unknown","2026-09-03","2026-09-03","0","","1","2500","7.79","gotowiec inwestycyjny z istniejącym najmem do niezależnej weryfikacji","unknown","","Karta Domiporta odczytana 2026-09-03: Będzińska 55, 3 niezależne pokoje, osobna kuchnia i WC; sprzedający deklaruje najem firmie z opcją przejęcia najemcy. Brak rozdzielonych opłat administracyjnych i daty publikacji na stronie. Aktywność potwierdzona automatycznym odczytem strony, bez niezależnej sesji Chrome.","https://www.domiporta.pl/nieruchomosci/sprzedam-mieszkanie-trzypokojowe-sosnowiec-pogon-bedzinska-71m2/156592293","","Przestronne 3-pokojowe mieszkanie w Sosnowcu, gotowe pod inwestycję! polecam! ul. Będzińska 55, Sosnowiec 71.29 385000","","unverified","Domiporta"
"Zabrze","Centrum / Centrum-Południe","NIERUCHOMOSCI_ONLINE_26395939","Mieszkanie, ul. Roosevelta","ul. Roosevelta, Zabrze","https://zabrze.nieruchomosci-online.pl/mieszkanie,na-sprzedaz/26395939.html","active","direct_page_fetched_2026-09-03","263000","5479.17","48","2","270","unknown","gazowe / piec dwufunkcyjny","do odświeżenia","własność","0","3","blok","unknown","unknown","galeria korytarzowa","ogrodzony parking mieszkańców","umeblowane","Roosevelta 26–28 i 40: w wymaganym obszarze, dokładne trasy piesze do zmierzenia","unknown","unknown","2026-09-03","2026-09-03","0","","1","2000","9.13","silny kandydat kosztowy; potwierdzić spacer, stan pieca oraz CAPEX","unknown","","Karta Nieruchomosci-online odczytana 2026-09-03; oferta zaktualizowana na portalu 2026-08-09. 2 niezależne pokoje, piwnica, wyposażenie w cenie, miedziana instalacja elektryczna, ogrodzony parking i monitoring. Aktywność potwierdzona automatycznym odczytem strony, bez niezależnej sesji Chrome.","https://zabrze.nieruchomosci-online.pl/mieszkanie,na-sprzedaz/26395939.html","","Mieszkanie, ul. Roosevelta ul. Roosevelta, Zabrze 48 263000","","unverified","Nieruchomosci-online"
"Zabrze","Rokitnica / Krakowska","GRATKA_48969785","Przestronne mieszkanie pod lasem z miejscem parkingowym","ul. Krakowska, Zabrze-Rokitnica","https://gratka.pl/nieruchomosci/mieszkanie-zabrze-rokitnica-krakowska/ob/48969785","active","direct_page_verified_2026-09-17","239000","4121","58","2","580","bez zużycia wody i wywozu nieczystości","unknown","do remontu","unknown","1","1","kamienica","unknown","unknown","unknown","unknown","unknown","ŚUM/Rokitnica: dzielnica docelowa; dokładna trasa piesza do zmierzenia","unknown","2026-09-17","2026-09-17","2026-09-17","0","","1","1900","7.99","bardzo dobry dopasowaniem, ale do remontu i czynsz 580 zł/mies. wg strony (żadne z tego nie było w karcie wyszukiwania)","85","1","direct_page_verified_2026-09-17 na Gratka. Ta sama oferta prywatna (bez pośredników) opublikowana także na Adresowo (https://adresowo.pl/o/mieszkanie-zabrze-rokitnica-ul-krakowska-2-pokojowe-j9f8f0) i OLX (https://www.olx.pl/d/oferta/mieszkanie-w-zabrzu-rokitnicy-do-remontu-z-dedykowanym-miejscem-parkingowym-na-sprzedaz-bez-posrednikow-CID3-ID1bZnZb.html) - dzwonić raz, nie trzy razy. Strona Gratka ujawnia stan do remontu, którego nie było w karcie wyszukiwania. POPRAWKA 2026-09-17: pełny tekst strony (nie tylko wycięty fragment) ujawnia opłaty czynszowe z funduszem remontowym ok. 580 zł/mies. bez wody i wywozu nieczystości - to podnosi realny koszt utrzymania, wymaga kosztorysu ekipy przed decyzją.","https://gratka.pl/nieruchomosci/mieszkanie-zabrze-rokitnica-krakowska/ob/48969785","","Przestronne mieszkanie pod lasem z miejscem parkingowym ul. Krakowska, Zabrze-Rokitnica 58 239000","","unverified","Gratka"
"Zabrze","Rokitnica / Ireny Kosmowskiej","GRATKA_44857865","M3 Rokitnica CO Gazowe ŚUM Strefa","ul. Ireny Kosmowskiej, Zabrze-Rokitnica","https://gratka.pl/nieruchomosci/mieszkanie-zabrze-rokitnica-ireny-kosmowskiej/ob/44857865","active","direct_page_verified_2026-09-17","245000","4685","52.29","2","unknown","unknown","gazowe","do odświeżenia","unknown","2","3","unknown","unknown","unknown","unknown","unknown","unknown","ŚUM: blisko wg ogłoszenia; sklep i komunikacja pod domem","unknown","2026-09-17","2026-09-17","2026-09-17","0","","1","1800","8.82","dobra lokalizacja i cena, mniejszy niż cel metraż","83","2","direct_page_verified_2026-09-17 na Gratka. Gaz CO, osobna kuchnia, piwnica, blisko ŚUM. Stan do odświeżenia (lekki lifting), nie pełny remont.","https://gratka.pl/nieruchomosci/mieszkanie-zabrze-rokitnica-ireny-kosmowskiej/ob/44857865","","M3 Rokitnica CO Gazowe ŚUM Strefa ul. Ireny Kosmowskiej, Zabrze-Rokitnica 52.29 245000","","unverified","Gratka"
"Zabrze","Mikulczyce","GRATKA_47839977","Bezczynszowe / 3 pokoje / ogródek / do aranżacji","Mikulczyce, Zabrze","https://gratka.pl/nieruchomosci/mieszkanie-zabrze-mikulczyce/ob/47839977","active","direct_page_verified_2026-09-17","199000","3150","63.17","3","0","unknown","unknown","do aranżacji","unknown","1","1","unknown","unknown","unknown","unknown","unknown","unknown","Mikulczyce: dzielnica dywersyfikacyjna; dokładna trasa piesza do uczelni do zmierzenia","unknown","2026-09-17","2026-09-17","2026-09-17","0","","1","1700","10.25","najniższa cena/m² w dzisiejszym przebiegu, bezczynszowe, 3 m² nad celem","87","3","direct_page_verified_2026-09-17 na Gratka. Bezczynszowe (brak opłaty administracyjnej), ogródek, 3 niezależne pokoje. Najniższa cena/m² (3150 zł) z całego dzisiejszego skanu.","https://gratka.pl/nieruchomosci/mieszkanie-zabrze-mikulczyce/ob/47839977","","Bezczynszowe / 3 pokoje / ogródek / do aranżacji Mikulczyce, Zabrze 63.17 199000","","unverified","Gratka"
"Zabrze","Mikulczyce","GRATKA_48096761","Słoneczne i Przytulne Mieszkanie Dostępne od Zaraz","Mikulczyce, Zabrze","https://gratka.pl/nieruchomosci/mieszkanie-zabrze-mikulczyce/ob/48096761","active","direct_page_verified_2026-09-17","269000","4972","54.1","2","unknown","unknown","miejskie","do odświeżenia","unknown","3","4","unknown","unknown","unknown","unknown","unknown","unknown","Mikulczyce: dzielnica dywersyfikacyjna; dokładna trasa piesza do uczelni do zmierzenia","unknown","2026-09-17","2026-09-17","2026-09-17","0","","1","1750","7.8","ogrzewanie miejskie (przewidywalny koszt), tylko 2 pokoje ogranicza wynajem pokojowy","78","4","direct_page_verified_2026-09-17 na Gratka. Centralne ogrzewanie miejskie - stabilniejszy koszt niż piec węglowy/elektryczny. Tylko 2 pokoje.","https://gratka.pl/nieruchomosci/mieszkanie-zabrze-mikulczyce/ob/48096761","","Słoneczne i Przytulne Mieszkanie Dostępne od Zaraz Mikulczyce, Zabrze 54.1 269000","","unverified","Gratka"
"Zabrze","Mikulczyce / Tarnopolska","GRATKA_47100287","Dwupoziomowe M4 z garderobą","ul. Tarnopolska, Mikulczyce, Zabrze","https://gratka.pl/nieruchomosci/mieszkanie-zabrze-mikulczyce-tarnopolska/ob/47100287","active","direct_page_verified_2026-09-17","235000","4519","52","3","unknown","unknown","unknown","bardzo dobry","unknown","1","1","unknown","unknown","unknown","unknown","unknown","unknown","Mikulczyce: dzielnica dywersyfikacyjna; dokładna trasa piesza do uczelni do zmierzenia","unknown","2026-09-17","2026-09-17","2026-09-17","0","","1","1750","8.94","najlepszy zadeklarowany stan (bardzo dobry) w tej dzielnicy, mniejszy niż cel metraż","81","5","direct_page_verified_2026-09-17 na Gratka. Dwupoziomowe M4 z garderobą, stan bardzo dobry - brak zakładanych kosztów remontu.","https://gratka.pl/nieruchomosci/mieszkanie-zabrze-mikulczyce-tarnopolska/ob/47100287","","Dwupoziomowe M4 z garderobą ul. Tarnopolska, Mikulczyce, Zabrze 52 235000","","unverified","Gratka"
"Zabrze","Centrum / Słowackiego","GRATKA_46235881","Zabrze Centrum, strych do adaptacji","ul. Juliusza Słowackiego, Zabrze","https://gratka.pl/nieruchomosci/mieszkanie-zabrze-centrum-juliusza-slowackiego/ob/46235881","active","direct_page_verified_2026-09-17","219000","3982","55","2","unknown","unknown","unknown","do odświeżenia","unknown","2","2","kamienica","unknown","unknown","unknown","unknown","unknown","Centrum Zabrza: blisko uczelni wg ogłoszeń w tej okolicy; dokładna trasa do zmierzenia","unknown","2026-09-17","2026-09-17","2026-09-17","0","","1","1650","9.04","dolna granica celu metrażowego, bardzo niska cena/m², strych do adaptacji jako dodatkowa przestrzeń","85","6","direct_page_verified_2026-09-17 na Gratka. Osobna kuchnia, piwnica, poddasze do adaptacji, kamienica.","https://gratka.pl/nieruchomosci/mieszkanie-zabrze-centrum-juliusza-slowackiego/ob/46235881","","Zabrze Centrum, strych do adaptacji ul. Juliusza Słowackiego, Zabrze 55 219000","","unverified","Gratka"
"Zabrze","Centrum","GRATKA_46229481","Pakiet inwestycyjny - 2 lokale","Centrum, Zabrze","https://gratka.pl/nieruchomosci/mieszkanie-zabrze-centrum-centrum/ob/46229481","active","direct_page_verified_2026-09-17","249000","4249","58.6","3","unknown","unknown","unknown","bardzo dobry","unknown","parter","unknown","kamienica","unknown","unknown","unknown","tak","unknown","Centrum Zabrza; dokładna trasa do uczelni do zmierzenia","unknown","2026-09-17","2026-09-17","2026-09-17","0","","1","1900","9.16","pakiet 2 lokali w jednej klatce, bardzo dobry stan - wymaga ustalenia czy cena dotyczy jednego czy obu lokali","82","7","direct_page_verified_2026-09-17 na Gratka. UWAGA: ogłoszenie opisuje pakiet 2 nieruchomości w jednej klatce schodowej - potwierdzić czy 249000 zł to cena za jeden lokal (58.6 m2) czy za oba przed traktowaniem ceny/m2 jako porównywalnej.","https://gratka.pl/nieruchomosci/mieszkanie-zabrze-centrum-centrum/ob/46229481","","Pakiet inwestycyjny - 2 lokale Centrum, Zabrze 58.6 249000","","unverified","Gratka"
"Zabrze","Centrum / Powstańców Śląskich","GRATKA_48954839","Zabrze Centrum Powstańców Śl. 57,3 m2 2 pokoje + kuchnia","ul. Powstańców Śląskich, Zabrze","https://gratka.pl/nieruchomosci/mieszkanie-zabrze-centrum-powstancow-slaskich/ob/48954839","active","direct_page_verified_2026-09-17","249000","4346","57.3","2","unknown","unknown","unknown","do odświeżenia","unknown","3","4","unknown","unknown","unknown","unknown","unknown","unknown","Centrum Zabrza; dokładna trasa do uczelni do zmierzenia","unknown","2026-09-17","2026-09-17","2026-09-17","0","","1","1800","8.67","w strefie celu metrażowego, rozsądna cena/m²","80","8","direct_page_verified_2026-09-17 na Gratka. Osobna kuchnia jako plus opisu.","https://gratka.pl/nieruchomosci/mieszkanie-zabrze-centrum-powstancow-slaskich/ob/48954839","","Zabrze Centrum Powstańców Śl. 57,3 m2 2 pokoje + kuchnia ul. Powstańców Śląskich, Zabrze 57.3 249000","","unverified","Gratka"
"Zabrze","Centrum / Wolności","GRATKA_48153219","Przestronne M3, centralne ogrzewanie, ścisłe centrum, niski czynsz","ul. Wolności, Zabrze","https://gratka.pl/nieruchomosci/mieszkanie-zabrze-centrum-wolnosci/ob/48153219","active","direct_page_verified_2026-09-17","186000","2876","64.68","2","unknown","unknown","centralne miejskie","bardzo dobry","unknown","4","4","unknown","unknown","unknown","unknown","unknown","unknown","Ścisłe centrum Zabrza; dokładna trasa do uczelni do zmierzenia","unknown","2026-09-17","2026-09-17","2026-09-17","0","","1","2100","13.55","najniższa cena bezwzględna i najniższa cena/m² w całym dzisiejszym przebiegu, stan bardzo dobry, ale 4.7 m² nad celem i ogłoszenie agencyjne (nie prywatne)","84","9","direct_page_verified_2026-09-17 na Gratka. UWAGA: ogłoszenie prowadzone przez agenta (Agata, tel. podany na stronie), nie sprzedawcę prywatnego - sprawdzić czy 186000 zł zawiera już prowizję czy dochodzi osobno.","https://gratka.pl/nieruchomosci/mieszkanie-zabrze-centrum-wolnosci/ob/48153219","","Przestronne M3, centralne ogrzewanie, ścisłe centrum, niski czynsz ul. Wolności, Zabrze 64.68 186000","","unverified","Gratka"
